{"v":"5.5.7","fr":60,"ip":0,"op":298,"w":1080,"h":1080,"nm":"mryland 3","ddd":0,"assets":[{"id":"image_0","w":1,"h":1,"u":"","p":"data:image/png;base64,iVBORw0KGgoAAAANSUhEUgAAAAQAAAAECAYAAACp8Z5+AAAAD0lEQVQYV2NkQAOMpAsAAADuAAUtpgPEAAAAAElFTkSuQmCC","e":1}],"fonts":{"list":[{"fName":"Arial-BoldMT","fFamily":"Arial","fStyle":"Bold","ascent":71.5988159179688}]},"layers":[{"ddd":0,"ind":1,"ty":5,"nm":"Steps","sr":1,"ks":{"o":{"a":1,"k":[{"i":{"x":[0.833],"y":[0.833]},"o":{"x":[0.167],"y":[0.167]},"t":-21,"s":[100]},{"t":-1,"s":[0]}],"ix":11},"r":{"a":0,"k":0,"ix":10},"p":{"a":0,"k":[694,797,0],"ix":2},"a":{"a":0,"k":[0,0,0],"ix":1},"s":{"a":0,"k":[100,100,100],"ix":6}},"ao":0,"t":{"d":{"k":[{"s":{"s":34,"f":"Arial-BoldMT","t":"Steps","j":2,"tr":0,"lh":40.8,"ls":0,"fc":[0.341,0.494,0.988]},"t":0}]},"p":{},"m":{"g":1,"a":{"a":0,"k":[0,0],"ix":2}},"a":[]},"ip":0,"op":411,"st":-189,"bm":0},{"ddd":0,"ind":2,"ty":5,"nm":"Points","sr":1,"ks":{"o":{"a":1,"k":[{"i":{"x":[0.833],"y":[0.833]},"o":{"x":[0.167],"y":[0.167]},"t":-21,"s":[100]},{"t":-1,"s":[0]}],"ix":11},"r":{"a":0,"k":0,"ix":10},"p":{"a":0,"k":[496,797,0],"ix":2},"a":{"a":0,"k":[0,0,0],"ix":1},"s":{"a":0,"k":[100,100,100],"ix":6}},"ao":0,"t":{"d":{"k":[{"s":{"s":34,"f":"Arial-BoldMT","t":"Points","j":2,"tr":0,"lh":40.8,"ls":0,"fc":[1,0.682,0]},"t":0}]},"p":{},"m":{"g":1,"a":{"a":0,"k":[0,0],"ix":2}},"a":[]},"ip":0,"op":411,"st":-189,"bm":0},{"ddd":0,"ind":3,"ty":4,"nm":"yarrow Outlines 2","parent":5,"sr":1,"ks":{"o":{"a":0,"k":100,"ix":11},"r":{"a":0,"k":0,"ix":10},"p":{"a":0,"k":[115.735,92.598,0],"ix":2},"a":{"a":0,"k":[20.196,21.753,0],"ix":1},"s":{"a":0,"k":[100,100,100],"ix":6}},"ao":0,"shapes":[{"ty":"gr","it":[{"ind":0,"ty":"sh","ix":1,"ks":{"a":0,"k":{"i":[[0,0],[0,0],[0,0],[0,0],[0,0],[0,0]],"o":[[0,0],[0,0],[0,0],[0,0],[0,0],[0,0]],"v":[[3.426,6.999],[2.473,-2.546],[-7.072,-1.589],[-3.426,-6.046],[6.117,-6.999],[7.072,2.544]],"c":true},"ix":2},"nm":"Path 1","mn":"ADBE Vector Shape - Group","hd":false},{"ty":"fl","c":{"a":0,"k":[0.592999985639,0.833999992819,0.786999990426,1],"ix":4},"o":{"a":0,"k":100,"ix":5},"r":1,"bm":0,"nm":"Fill 1","mn":"ADBE Vector Graphic - Fill","hd":false},{"ty":"tr","p":{"a":0,"k":[27.17,13.462],"ix":2},"a":{"a":0,"k":[0,0],"ix":1},"s":{"a":0,"k":[100,100],"ix":3},"r":{"a":0,"k":0,"ix":6},"o":{"a":0,"k":100,"ix":7},"sk":{"a":0,"k":0,"ix":4},"sa":{"a":0,"k":0,"ix":5},"nm":"Transform"}],"nm":"Group 1","np":2,"cix":2,"bm":0,"ix":1,"mn":"ADBE Vector Group","hd":false},{"ty":"gr","it":[{"ind":0,"ty":"sh","ix":1,"ks":{"a":0,"k":{"i":[[0,0],[0,0],[0,0]],"o":[[0,0],[0,0],[0,0]],"v":[[-10.196,11.753],[6.33,-7.027],[10.196,-11.753]],"c":false},"ix":2},"nm":"Path 1","mn":"ADBE Vector Shape - Group","hd":false},{"ty":"st","c":{"a":0,"k":[0.592999985639,0.834000052658,0.787000050264,1],"ix":3},"o":{"a":0,"k":100,"ix":4},"w":{"a":0,"k":9,"ix":5},"lc":1,"lj":1,"ml":10,"bm":0,"nm":"Stroke 1","mn":"ADBE Vector Graphic - Stroke","hd":false},{"ty":"tr","p":{"a":0,"k":[20.196,21.753],"ix":2},"a":{"a":0,"k":[0,0],"ix":1},"s":{"a":0,"k":[100,100],"ix":3},"r":{"a":0,"k":0,"ix":6},"o":{"a":0,"k":100,"ix":7},"sk":{"a":0,"k":0,"ix":4},"sa":{"a":0,"k":0,"ix":5},"nm":"Transform"}],"nm":"Group 2","np":2,"cix":2,"bm":0,"ix":2,"mn":"ADBE Vector Group","hd":false},{"ty":"tm","s":{"a":1,"k":[{"i":{"x":[0.833],"y":[0.833]},"o":{"x":[0.167],"y":[0.167]},"t":49,"s":[0]},{"t":55,"s":[100]}],"ix":1},"e":{"a":1,"k":[{"i":{"x":[0.833],"y":[0.833]},"o":{"x":[0.167],"y":[0.167]},"t":9,"s":[0]},{"t":23,"s":[100]}],"ix":2},"o":{"a":0,"k":0,"ix":3},"m":1,"ix":3,"nm":"Trim Paths 1","mn":"ADBE Vector Filter - Trim","hd":false}],"ip":0,"op":411,"st":-189,"bm":0},{"ddd":0,"ind":4,"ty":4,"nm":"barrow Outlines 2","sr":1,"ks":{"o":{"a":0,"k":100,"ix":11},"r":{"a":0,"k":0,"ix":10},"p":{"a":0,"k":[512.021,512.172,0],"ix":2},"a":{"a":0,"k":[23.668,14.513,0],"ix":1},"s":{"a":0,"k":[99,99,100],"ix":6}},"ao":0,"shapes":[{"ty":"gr","it":[{"ind":0,"ty":"sh","ix":1,"ks":{"a":0,"k":{"i":[[0,0],[0,0],[0,0],[0,0],[0,0],[0,0]],"o":[[0,0],[0,0],[0,0],[0,0],[0,0],[0,0]],"v":[[-6.977,5.676],[1.462,1.115],[-3.102,-7.321],[2.416,-5.677],[6.977,2.76],[-1.459,7.321]],"c":true},"ix":2},"nm":"Path 1","mn":"ADBE Vector Shape - Group","hd":false},{"ty":"fl","c":{"a":0,"k":[0.592999985639,0.833999992819,0.786999990426,1],"ix":4},"o":{"a":0,"k":100,"ix":5},"r":1,"bm":0,"nm":"Fill 1","mn":"ADBE Vector Graphic - Fill","hd":false},{"ty":"tr","p":{"a":0,"k":[34.741,17.572],"ix":2},"a":{"a":0,"k":[0,0],"ix":1},"s":{"a":0,"k":[100,100],"ix":3},"r":{"a":0,"k":0,"ix":6},"o":{"a":0,"k":100,"ix":7},"sk":{"a":0,"k":0,"ix":4},"sa":{"a":0,"k":0,"ix":5},"nm":"Transform"}],"nm":"Group 1","np":2,"cix":2,"bm":0,"ix":1,"mn":"ADBE Vector Group","hd":false},{"ty":"gr","it":[{"ind":0,"ty":"sh","ix":1,"ks":{"a":0,"k":{"i":[[0,0],[0,0],[0,0]],"o":[[0,0],[0,0],[0,0]],"v":[[-13.668,-4.513],[8.486,2.968],[13.668,4.513]],"c":false},"ix":2},"nm":"Path 1","mn":"ADBE Vector Shape - Group","hd":false},{"ty":"st","c":{"a":0,"k":[0.592999985639,0.833999992819,0.786999990426,1],"ix":3},"o":{"a":0,"k":100,"ix":4},"w":{"a":0,"k":9,"ix":5},"lc":1,"lj":1,"ml":10,"bm":0,"nm":"Stroke 1","mn":"ADBE Vector Graphic - Stroke","hd":false},{"ty":"tr","p":{"a":0,"k":[23.668,14.513],"ix":2},"a":{"a":0,"k":[0,0],"ix":1},"s":{"a":0,"k":[100,100],"ix":3},"r":{"a":0,"k":0,"ix":6},"o":{"a":0,"k":100,"ix":7},"sk":{"a":0,"k":0,"ix":4},"sa":{"a":0,"k":0,"ix":5},"nm":"Transform"}],"nm":"Group 2","np":2,"cix":2,"bm":0,"ix":2,"mn":"ADBE Vector Group","hd":false},{"ty":"tm","s":{"a":1,"k":[{"i":{"x":[0.833],"y":[0.833]},"o":{"x":[0.167],"y":[0.167]},"t":115,"s":[0]},{"t":125,"s":[100]}],"ix":1},"e":{"a":1,"k":[{"i":{"x":[0.833],"y":[0.833]},"o":{"x":[0.167],"y":[0.167]},"t":89,"s":[0]},{"t":97,"s":[100]}],"ix":2},"o":{"a":0,"k":0,"ix":3},"m":1,"ix":3,"nm":"Trim Paths 1","mn":"ADBE Vector Filter - Trim","hd":false}],"ip":0,"op":411,"st":-189,"bm":0},{"ddd":0,"ind":5,"ty":4,"nm":"all combined Outlines","sr":1,"ks":{"o":{"a":0,"k":100,"ix":11},"r":{"a":1,"k":[{"i":{"x":[0.667],"y":[1]},"o":{"x":[0.333],"y":[0]},"t":17,"s":[38]},{"i":{"x":[0.667],"y":[1]},"o":{"x":[0.333],"y":[0]},"t":41,"s":[0]},{"i":{"x":[0.667],"y":[1]},"o":{"x":[0.333],"y":[0]},"t":115,"s":[0]},{"t":143,"s":[116]}],"ix":10},"p":{"a":1,"k":[{"i":{"x":0.491,"y":0.636},"o":{"x":1.306,"y":0},"t":41,"s":[543.012,549.043,0],"to":[-1.918,0,0],"ti":[7.478,6.182,0]},{"i":{"x":0.549,"y":0.975},"o":{"x":0.228,"y":0.065},"t":87,"s":[532.006,549.911,0],"to":[-0.284,-0.235,0],"ti":[0.302,0.275,0]},{"i":{"x":0.549,"y":0.404},"o":{"x":0.291,"y":0.385},"t":103,"s":[543.127,549.147,0],"to":[-0.038,-0.034,0],"ti":[0.302,0.275,0]},{"i":{"x":0,"y":1},"o":{"x":0.291,"y":0.004},"t":115,"s":[543.127,549.147,0],"to":[-0.038,-0.034,0],"ti":[8.352,7.684,0]},{"i":{"x":0,"y":0},"o":{"x":1,"y":1},"t":141,"s":[493.012,503.043,0],"to":[0,0,0],"ti":[0,0,0]},{"i":{"x":0,"y":1},"o":{"x":1,"y":0},"t":231,"s":[493.012,503.043,0],"to":[7.5,-0.167,0],"ti":[-7.5,0.167,0]},{"t":251,"s":[538.012,502.043,0]}],"ix":2},"a":{"a":0,"k":[81.655,124.109,0],"ix":1},"s":{"a":1,"k":[{"i":{"x":[0,0,0.667],"y":[1,1,1]},"o":{"x":[1,1,0.333],"y":[0,0,0]},"t":17,"s":[97.5,97.5,100]},{"i":{"x":[0,0,0.667],"y":[1,1,1]},"o":{"x":[1,1,0.333],"y":[0,0,0]},"t":41,"s":[93.75,93.75,100]},{"i":{"x":[0,0,0.667],"y":[1,1,1]},"o":{"x":[1,1,0.333],"y":[0,0,0]},"t":133,"s":[93.75,93.75,100]},{"i":{"x":[0,0,0.667],"y":[1,1,1]},"o":{"x":[1,1,0.333],"y":[0,0,0]},"t":141,"s":[126.75,126.75,100]},{"i":{"x":[0,0,0.667],"y":[1,1,1]},"o":{"x":[1,1,0.333],"y":[0,0,0]},"t":231,"s":[126.75,126.75,100]},{"t":251,"s":[0,0,100]}],"ix":6}},"ao":0,"shapes":[{"ty":"gr","it":[{"ind":0,"ty":"sh","ix":1,"ks":{"a":0,"k":{"i":[[0,0],[-0.009,0.29],[15.061,0.482],[4.6,-9.327],[11.054,0.354],[0.482,-15.072],[-0.919,-2.871],[-2.117,-2.619],[-1.06,-0.964],[0,0],[-0.329,-0.011],[-0.269,0.251],[0,0],[0,0],[-0.974,-0.231],[-1.687,6.149],[1.581,3.452],[12.789,7.753],[0.449,0.385],[1.625,2.033],[0,0],[1.586,2.021],[1.236,0.149],[0.975,-0.77],[0,0],[0,0],[0,0],[-0.159,1.225],[0.759,0.985],[2.031,-1.575],[0,0],[0.462,0.565],[1.538,1.97],[2.021,-1.576],[0.476,0.466],[7.1,-2.714],[2.467,-0.791],[4.02,4.431],[3.103,0.91],[1.601,-0.95],[0.682,-3.19],[0.21,-0.623],[0.382,-2.269],[0,0],[0,0]],"o":[[0.028,-0.279],[0.482,-15.072],[-11.065,-0.354],[-3.996,-9.602],[-15.072,-0.482],[-0.102,3.179],[1.036,3.275],[0.905,1.119],[0,0],[0.252,0.268],[0.34,0.01],[0,0],[0,0],[1.072,0.274],[23.769,5.693],[0.873,-3.224],[-0.917,-1.99],[-2.973,-1.806],[-0.407,-0.393],[0,0],[2.032,-1.576],[-0.759,-0.985],[-1.235,-0.15],[0,0],[0,0],[0,0],[0.975,-0.769],[0.149,-1.236],[-1.576,-2.022],[0,0],[-0.481,-0.586],[1.872,-1.601],[-1.576,-2.021],[-1.128,-1.327],[-6.177,-6.141],[-1.864,0.711],[-5.469,1.766],[-2.764,-3.05],[-1.615,-0.481],[-8.395,4.994],[-0.21,0.623],[-0.917,2.703],[0,0],[0,0],[0,0]],"v":[[52.143,-9.189],[52.19,-10.038],[25.739,-38.247],[0.327,-22.973],[-24.056,-39.841],[-52.256,-13.378],[-50.997,-4.263],[-46.21,4.644],[-43.258,7.769],[-2.894,50.513],[-1.977,50.932],[-1.025,50.573],[14.722,35.897],[21.043,28.466],[24.111,29.224],[59.959,28.581],[60.241,14.462],[40.291,0.677],[33.797,-3.372],[29.166,-9.034],[29.217,-9.081],[30.027,-15.609],[26.931,-17.369],[23.499,-16.417],[23.367,-16.323],[22.019,-18.007],[22.173,-18.122],[23.933,-21.216],[22.983,-24.659],[16.445,-25.469],[16.219,-25.286],[14.814,-27.021],[15.468,-33.404],[8.941,-34.213],[6.555,-36.901],[-11.006,-38.693],[-17.454,-36.378],[-31.089,-43.617],[-39.555,-50.461],[-44.399,-49.755],[-59.008,-16.875],[-59.639,-14.995],[-61.822,-7.411],[-0.433,8.503],[-3.492,30.922]],"c":false},"ix":2},"nm":"Path 1","mn":"ADBE Vector Shape - Group","hd":false},{"ty":"st","c":{"a":0,"k":[0.592999985639,0.833999992819,0.786999990426,1],"ix":3},"o":{"a":0,"k":100,"ix":4},"w":{"a":0,"k":12,"ix":5},"lc":2,"lj":2,"bm":0,"nm":"Stroke 1","mn":"ADBE Vector Graphic - Stroke","hd":false},{"ty":"tr","p":{"a":0,"k":[84.322,73.443],"ix":2},"a":{"a":0,"k":[0,0],"ix":1},"s":{"a":0,"k":[100,100],"ix":3},"r":{"a":0,"k":0,"ix":6},"o":{"a":0,"k":100,"ix":7},"sk":{"a":0,"k":0,"ix":4},"sa":{"a":0,"k":0,"ix":5},"nm":"Transform"}],"nm":"Group 1","np":2,"cix":2,"bm":0,"ix":1,"mn":"ADBE Vector Group","hd":false},{"ty":"tm","s":{"a":1,"k":[{"i":{"x":[0.667],"y":[1]},"o":{"x":[0.333],"y":[0]},"t":77,"s":[0]},{"i":{"x":[0.833],"y":[1]},"o":{"x":[0.333],"y":[0]},"t":91,"s":[43]},{"i":{"x":[0.833],"y":[1]},"o":{"x":[0.167],"y":[0]},"t":115,"s":[43]},{"t":141,"s":[100]}],"ix":1},"e":{"a":1,"k":[{"i":{"x":[0.667],"y":[1]},"o":{"x":[0.333],"y":[0]},"t":17,"s":[0]},{"i":{"x":[0.667],"y":[1]},"o":{"x":[0.333],"y":[0]},"t":53,"s":[41]},{"i":{"x":[0.833],"y":[1]},"o":{"x":[0.333],"y":[0]},"t":77,"s":[41]},{"i":{"x":[0.833],"y":[1]},"o":{"x":[0.167],"y":[0]},"t":91,"s":[86]},{"i":{"x":[0.833],"y":[1]},"o":{"x":[0.167],"y":[0]},"t":115,"s":[86]},{"t":141,"s":[86]}],"ix":2},"o":{"a":0,"k":0,"ix":3},"m":1,"ix":2,"nm":"Trim Paths 1","mn":"ADBE Vector Filter - Trim","hd":false}],"ip":0,"op":411,"st":-189,"bm":0},{"ddd":0,"ind":7,"ty":5,"nm":"8590","sr":1,"ks":{"o":{"a":1,"k":[{"i":{"x":[0.833],"y":[0.833]},"o":{"x":[0.167],"y":[0.167]},"t":-25,"s":[100]},{"t":-1,"s":[0]}],"ix":11},"r":{"a":0,"k":0,"ix":10},"p":{"a":1,"k":[{"i":{"x":0.833,"y":0.833},"o":{"x":0.167,"y":0.167},"t":-81,"s":[478,471,0],"to":[-4.333,0,0],"ti":[4.333,0,0]},{"i":{"x":0.833,"y":0.833},"o":{"x":0.167,"y":0.167},"t":-79,"s":[452,471,0],"to":[0,0,0],"ti":[0,0,0]},{"i":{"x":0.833,"y":0.833},"o":{"x":0.167,"y":0.167},"t":-21,"s":[452,471,0],"to":[0,6.5,0],"ti":[0,-6.5,0]},{"t":-1,"s":[452,510,0]}],"ix":2},"a":{"a":0,"k":[0,0,0],"ix":1},"s":{"a":0,"k":[75,75,100],"ix":6}},"ao":0,"ef":[{"ty":5,"nm":"Slider Control","np":3,"mn":"ADBE Slider Control","ix":1,"en":1,"ef":[{"ty":0,"nm":"Slider","mn":"ADBE Slider Control-0001","ix":1,"v":{"a":1,"k":[{"i":{"x":[0.833],"y":[0.833]},"o":{"x":[0.167],"y":[0.167]},"t":-83,"s":[9890]},{"i":{"x":[0.833],"y":[0.833]},"o":{"x":[0.167],"y":[0.167]},"t":-53,"s":[11000]},{"t":-25,"s":[12001]}],"ix":1}}]}],"t":{"d":{"x":"var $bm_rt;\n$bm_rt = effect('Slider Control')('Slider').value.toFixed('0');","k":[{"s":{"s":86,"f":"Arial-BoldMT","t":"8590","j":0,"tr":0,"lh":103.2,"ls":0,"fc":[0.341,0.494,0.988]},"t":0}]},"p":{},"m":{"g":1,"a":{"a":0,"k":[0,0],"ix":2}},"a":[]},"ip":0,"op":411,"st":-189,"bm":0},{"ddd":0,"ind":8,"ty":5,"nm":"20","sr":1,"ks":{"o":{"a":1,"k":[{"i":{"x":[0.833],"y":[0.833]},"o":{"x":[0.167],"y":[0.167]},"t":-25,"s":[100]},{"t":-1,"s":[0]}],"ix":11},"r":{"a":0,"k":0,"ix":10},"p":{"a":1,"k":[{"i":{"x":0.833,"y":0.833},"o":{"x":0.167,"y":0.167},"t":-21,"s":[478,586,0],"to":[0,6.5,0],"ti":[0,-6.5,0]},{"t":-1,"s":[478,625,0]}],"ix":2},"a":{"a":0,"k":[0,0,0],"ix":1},"s":{"a":0,"k":[75,75,100],"ix":6}},"ao":0,"ef":[{"ty":5,"nm":"Slider Control","np":3,"mn":"ADBE Slider Control","ix":1,"en":1,"ef":[{"ty":0,"nm":"Slider","mn":"ADBE Slider Control-0001","ix":1,"v":{"a":1,"k":[{"i":{"x":[0.833],"y":[0.833]},"o":{"x":[0.167],"y":[0.167]},"t":-83,"s":[20]},{"i":{"x":[0.833],"y":[0.833]},"o":{"x":[0.167],"y":[0.167]},"t":-53,"s":[30]},{"i":{"x":[0.833],"y":[0.833]},"o":{"x":[0.167],"y":[0.167]},"t":-47,"s":[30]},{"t":-37,"s":[37]}],"ix":1}}]}],"t":{"d":{"x":"var $bm_rt;\n$bm_rt = effect('Slider Control')('Slider').value.toFixed('0');","k":[{"s":{"s":160,"f":"Arial-BoldMT","t":"20","j":0,"tr":0,"lh":192,"ls":0,"fc":[1,0.682,0]},"t":0}]},"p":{},"m":{"g":1,"a":{"a":0,"k":[0,0],"ix":2}},"a":[]},"ip":0,"op":411,"st":-189,"bm":0},{"ddd":0,"ind":9,"ty":4,"nm":"yarrow Outlines","sr":1,"ks":{"o":{"a":1,"k":[{"i":{"x":[0.833],"y":[0.833]},"o":{"x":[0.167],"y":[0.167]},"t":-21,"s":[100]},{"t":-1,"s":[0]}],"ix":11},"r":{"a":0,"k":0,"ix":10},"p":{"a":1,"k":[{"i":{"x":0.833,"y":0.833},"o":{"x":0.167,"y":0.167},"t":-21,"s":[422.072,791.909,0],"to":[0,5.5,0],"ti":[0,-5.5,0]},{"t":-1,"s":[422.072,824.909,0]}],"ix":2},"a":{"a":0,"k":[20.196,21.753,0],"ix":1},"s":{"a":0,"k":[75,75,100],"ix":6}},"ao":0,"shapes":[{"ty":"gr","it":[{"ind":0,"ty":"sh","ix":1,"ks":{"a":0,"k":{"i":[[0,0],[0,0],[0,0],[0,0],[0,0],[0,0]],"o":[[0,0],[0,0],[0,0],[0,0],[0,0],[0,0]],"v":[[3.426,6.999],[2.473,-2.546],[-7.072,-1.589],[-3.426,-6.046],[6.117,-6.999],[7.072,2.544]],"c":true},"ix":2},"nm":"Path 1","mn":"ADBE Vector Shape - Group","hd":false},{"ty":"fl","c":{"a":0,"k":[1,0.681999954523,0,1],"ix":4},"o":{"a":0,"k":100,"ix":5},"r":1,"bm":0,"nm":"Fill 1","mn":"ADBE Vector Graphic - Fill","hd":false},{"ty":"tr","p":{"a":0,"k":[27.17,13.462],"ix":2},"a":{"a":0,"k":[0,0],"ix":1},"s":{"a":0,"k":[100,100],"ix":3},"r":{"a":0,"k":0,"ix":6},"o":{"a":0,"k":100,"ix":7},"sk":{"a":0,"k":0,"ix":4},"sa":{"a":0,"k":0,"ix":5},"nm":"Transform"}],"nm":"Group 1","np":2,"cix":2,"bm":0,"ix":1,"mn":"ADBE Vector Group","hd":false},{"ty":"gr","it":[{"ind":0,"ty":"sh","ix":1,"ks":{"a":0,"k":{"i":[[0,0],[0,0],[0,0]],"o":[[0,0],[0,0],[0,0]],"v":[[-10.196,11.753],[6.33,-7.027],[10.196,-11.753]],"c":false},"ix":2},"nm":"Path 1","mn":"ADBE Vector Shape - Group","hd":false},{"ty":"st","c":{"a":0,"k":[1,0.681999954523,0,1],"ix":3},"o":{"a":0,"k":100,"ix":4},"w":{"a":0,"k":4,"ix":5},"lc":1,"lj":1,"ml":10,"bm":0,"nm":"Stroke 1","mn":"ADBE Vector Graphic - Stroke","hd":false},{"ty":"tr","p":{"a":0,"k":[20.196,21.753],"ix":2},"a":{"a":0,"k":[0,0],"ix":1},"s":{"a":0,"k":[100,100],"ix":3},"r":{"a":0,"k":0,"ix":6},"o":{"a":0,"k":100,"ix":7},"sk":{"a":0,"k":0,"ix":4},"sa":{"a":0,"k":0,"ix":5},"nm":"Transform"}],"nm":"Group 2","np":2,"cix":2,"bm":0,"ix":2,"mn":"ADBE Vector Group","hd":false},{"ty":"tm","s":{"a":1,"k":[{"i":{"x":[0.833],"y":[0.833]},"o":{"x":[0.167],"y":[0.167]},"t":-89,"s":[0]},{"i":{"x":[0.833],"y":[0.833]},"o":{"x":[0.167],"y":[0.167]},"t":-85,"s":[100]},{"i":{"x":[0.833],"y":[0.833]},"o":{"x":[0.167],"y":[0.167]},"t":-67,"s":[100]},{"t":-61,"s":[0]}],"ix":1},"e":{"a":0,"k":100,"ix":2},"o":{"a":0,"k":0,"ix":3},"m":1,"ix":3,"nm":"Trim Paths 1","mn":"ADBE Vector Filter - Trim","hd":false}],"ip":0,"op":411,"st":-189,"bm":0},{"ddd":0,"ind":10,"ty":4,"nm":"barrow Outlines","sr":1,"ks":{"o":{"a":1,"k":[{"i":{"x":[0.833],"y":[0.833]},"o":{"x":[0.167],"y":[0.167]},"t":-21,"s":[100]},{"t":-1,"s":[0]}],"ix":11},"r":{"a":0,"k":0,"ix":10},"p":{"a":1,"k":[{"i":{"x":0.833,"y":0.833},"o":{"x":0.167,"y":0.167},"t":-21,"s":[591.021,798.172,0],"to":[0,5.5,0],"ti":[0,-5.5,0]},{"t":-1,"s":[591.021,831.172,0]}],"ix":2},"a":{"a":0,"k":[23.668,14.513,0],"ix":1},"s":{"a":0,"k":[75,75,100],"ix":6}},"ao":0,"shapes":[{"ty":"gr","it":[{"ind":0,"ty":"sh","ix":1,"ks":{"a":0,"k":{"i":[[0,0],[0,0],[0,0],[0,0],[0,0],[0,0]],"o":[[0,0],[0,0],[0,0],[0,0],[0,0],[0,0]],"v":[[-6.977,5.676],[1.462,1.115],[-3.102,-7.321],[2.416,-5.677],[6.977,2.76],[-1.459,7.321]],"c":true},"ix":2},"nm":"Path 1","mn":"ADBE Vector Shape - Group","hd":false},{"ty":"fl","c":{"a":0,"k":[0.340999977261,0.493999974868,0.987999949736,1],"ix":4},"o":{"a":0,"k":100,"ix":5},"r":1,"bm":0,"nm":"Fill 1","mn":"ADBE Vector Graphic - Fill","hd":false},{"ty":"tr","p":{"a":0,"k":[34.741,17.572],"ix":2},"a":{"a":0,"k":[0,0],"ix":1},"s":{"a":0,"k":[100,100],"ix":3},"r":{"a":0,"k":0,"ix":6},"o":{"a":0,"k":100,"ix":7},"sk":{"a":0,"k":0,"ix":4},"sa":{"a":0,"k":0,"ix":5},"nm":"Transform"}],"nm":"Group 1","np":2,"cix":2,"bm":0,"ix":1,"mn":"ADBE Vector Group","hd":false},{"ty":"gr","it":[{"ind":0,"ty":"sh","ix":1,"ks":{"a":0,"k":{"i":[[0,0],[0,0],[0,0]],"o":[[0,0],[0,0],[0,0]],"v":[[-13.668,-4.513],[8.486,2.968],[13.668,4.513]],"c":false},"ix":2},"nm":"Path 1","mn":"ADBE Vector Shape - Group","hd":false},{"ty":"st","c":{"a":0,"k":[0.340999977261,0.493999974868,0.987999949736,1],"ix":3},"o":{"a":0,"k":100,"ix":4},"w":{"a":0,"k":4,"ix":5},"lc":1,"lj":1,"ml":10,"bm":0,"nm":"Stroke 1","mn":"ADBE Vector Graphic - Stroke","hd":false},{"ty":"tr","p":{"a":0,"k":[23.668,14.513],"ix":2},"a":{"a":0,"k":[0,0],"ix":1},"s":{"a":0,"k":[100,100],"ix":3},"r":{"a":0,"k":0,"ix":6},"o":{"a":0,"k":100,"ix":7},"sk":{"a":0,"k":0,"ix":4},"sa":{"a":0,"k":0,"ix":5},"nm":"Transform"}],"nm":"Group 2","np":2,"cix":2,"bm":0,"ix":2,"mn":"ADBE Vector Group","hd":false},{"ty":"tm","s":{"a":0,"k":0,"ix":1},"e":{"a":1,"k":[{"i":{"x":[0.833],"y":[0.833]},"o":{"x":[0.167],"y":[0.167]},"t":-89,"s":[100]},{"i":{"x":[0.833],"y":[0.833]},"o":{"x":[0.167],"y":[0.167]},"t":-85,"s":[0]},{"i":{"x":[0.833],"y":[0.833]},"o":{"x":[0.167],"y":[0.167]},"t":-67,"s":[0]},{"t":-61,"s":[100]}],"ix":2},"o":{"a":0,"k":0,"ix":3},"m":1,"ix":3,"nm":"Trim Paths 1","mn":"ADBE Vector Filter - Trim","hd":false}],"ip":0,"op":411,"st":-189,"bm":0},{"ddd":0,"ind":11,"ty":4,"nm":"shoes Outlines","sr":1,"ks":{"o":{"a":1,"k":[{"i":{"x":[0.833],"y":[0.833]},"o":{"x":[0.167],"y":[0.167]},"t":-21,"s":[100]},{"t":-1,"s":[0]}],"ix":11},"r":{"a":0,"k":0,"ix":10},"p":{"a":1,"k":[{"i":{"x":0.833,"y":0.833},"o":{"x":0.167,"y":0.167},"t":-21,"s":[606.264,787.569,0],"to":[0,5.5,0],"ti":[0,-5.5,0]},{"t":-1,"s":[606.264,820.569,0]}],"ix":2},"a":{"a":0,"k":[53.671,39.129,0],"ix":1},"s":{"a":0,"k":[75,75,100],"ix":6}},"ao":0,"shapes":[{"ty":"gr","it":[{"ind":0,"ty":"sh","ix":1,"ks":{"a":0,"k":{"i":[[0,0],[-0.689,-0.141],[-1.045,4.354],[1.187,2.387],[9.148,5.154],[0.324,0.26],[1.187,1.391],[0,0],[1.159,1.383],[0.871,0.077],[0.668,-0.561],[0,0],[0,0],[0,0],[-0.084,0.864],[0.555,0.674],[1.39,-1.151],[0,0],[0.337,0.387],[1.123,1.348],[1.383,-1.151],[0.345,0.316],[4.922,-2.065],[1.713,-0.61],[2.921,3.02],[2.198,0.569],[1.102,-0.702],[0.407,-2.254],[0.134,-0.443],[0.218,-1.601]],"o":[[0.759,0.169],[16.809,3.462],[0.541,-2.282],[-0.688,-1.377],[-2.128,-1.201],[-0.295,-0.266],[0,0],[1.389,-1.152],[-0.554,-0.674],[-0.871,-0.077],[0,0],[0,0],[0,0],[0.667,-0.561],[0.077,-0.871],[-1.151,-1.383],[0,0],[-0.351,-0.4],[1.278,-1.165],[-1.152,-1.384],[-0.822,-0.905],[-4.472,-4.171],[-1.292,0.541],[-3.799,1.363],[-2.008,-2.078],[-1.144,-0.302],[-5.779,3.693],[-0.133,0.442],[-0.582,1.917],[0,0]],"v":[[15.29,25.203],[17.46,25.667],[42.603,24.41],[42.483,14.496],[28.174,5.269],[23.525,2.573],[20.148,-1.296],[20.184,-1.331],[20.604,-5.93],[18.393,-7.096],[16.005,-6.352],[15.915,-6.281],[14.931,-7.433],[15.036,-7.517],[16.202,-9.729],[15.458,-12.123],[10.853,-12.544],[10.697,-12.411],[9.673,-13.598],[9.988,-18.091],[5.389,-18.513],[3.655,-20.345],[-8.71,-21.209],[-13.183,-19.44],[-22.915,-24.214],[-29.009,-28.827],[-32.394,-28.223],[-41.908,-4.82],[-42.309,-3.486],[-43.671,1.885]],"c":false},"ix":2},"nm":"Path 1","mn":"ADBE Vector Shape - Group","hd":false},{"ty":"st","c":{"a":0,"k":[0.340999977261,0.493999974868,0.987999949736,1],"ix":3},"o":{"a":0,"k":100,"ix":4},"w":{"a":0,"k":4,"ix":5},"lc":1,"lj":1,"ml":10,"bm":0,"nm":"Stroke 1","mn":"ADBE Vector Graphic - Stroke","hd":false},{"ty":"tr","p":{"a":0,"k":[53.67,39.129],"ix":2},"a":{"a":0,"k":[0,0],"ix":1},"s":{"a":0,"k":[100,100],"ix":3},"r":{"a":0,"k":0,"ix":6},"o":{"a":0,"k":100,"ix":7},"sk":{"a":0,"k":0,"ix":4},"sa":{"a":0,"k":0,"ix":5},"nm":"Transform"}],"nm":"Group 1","np":2,"cix":2,"bm":0,"ix":1,"mn":"ADBE Vector Group","hd":false},{"ty":"tm","s":{"a":1,"k":[{"i":{"x":[0.833],"y":[0.833]},"o":{"x":[0.167],"y":[0.167]},"t":-89,"s":[0]},{"i":{"x":[0.833],"y":[0.833]},"o":{"x":[0.167],"y":[0.167]},"t":-85,"s":[20]},{"i":{"x":[0.833],"y":[0.833]},"o":{"x":[0.167],"y":[0.167]},"t":-67,"s":[20]},{"t":-63,"s":[0]}],"ix":1},"e":{"a":0,"k":100,"ix":2},"o":{"a":1,"k":[{"i":{"x":[0.833],"y":[0.833]},"o":{"x":[0.167],"y":[0.167]},"t":-89,"s":[0]},{"t":-63,"s":[360]}],"ix":3},"m":1,"ix":2,"nm":"Trim Paths 1","mn":"ADBE Vector Filter - Trim","hd":false}],"ip":0,"op":411,"st":-189,"bm":0},{"ddd":0,"ind":12,"ty":4,"nm":"heart Outlines","sr":1,"ks":{"o":{"a":1,"k":[{"i":{"x":[0.833],"y":[0.833]},"o":{"x":[0.167],"y":[0.167]},"t":-21,"s":[100]},{"t":-1,"s":[0]}],"ix":11},"r":{"a":0,"k":0,"ix":10},"p":{"a":1,"k":[{"i":{"x":0.833,"y":0.833},"o":{"x":0.167,"y":0.167},"t":-21,"s":[403.016,787.208,0],"to":[0,5.5,0],"ti":[0,-5.5,0]},{"t":-1,"s":[403.016,820.208,0]}],"ix":2},"a":{"a":0,"k":[49.25,43.811,0],"ix":1},"s":{"a":0,"k":[75,75,100],"ix":6}},"ao":0,"shapes":[{"ty":"gr","it":[{"ind":0,"ty":"sh","ix":1,"ks":{"a":0,"k":{"i":[[0,0],[0,0.218],[11.32,0],[3.23,-7.115],[8.308,0],[0,-11.328],[-0.758,-2.134],[-1.653,-1.916],[-0.819,-0.698],[0,0],[-0.248,0],[-0.195,0.195],[0,0]],"o":[[0.015,-0.21],[0,-11.328],[-8.316,0],[-3.23,-7.115],[-11.328,0],[0,2.389],[0.857,2.433],[0.706,0.818],[0,0],[0.196,0.195],[0.255,0],[0,0],[0,0]],"v":[[39.235,-12.627],[39.25,-13.266],[18.713,-33.811],[0,-21.731],[-18.712,-33.811],[-39.25,-13.266],[-38.086,-6.452],[-34.277,0.121],[-31.986,2.396],[-0.654,33.519],[0.045,33.811],[0.751,33.519],[12.222,22.123]],"c":false},"ix":2},"nm":"Path 1","mn":"ADBE Vector Shape - Group","hd":false},{"ty":"st","c":{"a":0,"k":[1,0.681999954523,0,1],"ix":3},"o":{"a":0,"k":100,"ix":4},"w":{"a":0,"k":4,"ix":5},"lc":1,"lj":1,"ml":10,"bm":0,"nm":"Stroke 1","mn":"ADBE Vector Graphic - Stroke","hd":false},{"ty":"tr","p":{"a":0,"k":[49.25,43.811],"ix":2},"a":{"a":0,"k":[0,0],"ix":1},"s":{"a":0,"k":[100,100],"ix":3},"r":{"a":0,"k":0,"ix":6},"o":{"a":0,"k":100,"ix":7},"sk":{"a":0,"k":0,"ix":4},"sa":{"a":0,"k":0,"ix":5},"nm":"Transform"}],"nm":"Group 1","np":2,"cix":2,"bm":0,"ix":1,"mn":"ADBE Vector Group","hd":false},{"ty":"tm","s":{"a":1,"k":[{"i":{"x":[0.833],"y":[0.833]},"o":{"x":[0.167],"y":[0.167]},"t":-89,"s":[0]},{"i":{"x":[0.833],"y":[0.833]},"o":{"x":[0.167],"y":[0.167]},"t":-85,"s":[20]},{"i":{"x":[0.833],"y":[0.833]},"o":{"x":[0.167],"y":[0.167]},"t":-67,"s":[20]},{"t":-63,"s":[0]}],"ix":1},"e":{"a":0,"k":100,"ix":2},"o":{"a":1,"k":[{"i":{"x":[0.833],"y":[0.833]},"o":{"x":[0.167],"y":[0.167]},"t":-89,"s":[0]},{"t":-63,"s":[360]}],"ix":3},"m":1,"ix":2,"nm":"Trim Paths 1","mn":"ADBE Vector Filter - Trim","hd":false}],"ip":0,"op":411,"st":-189,"bm":0},{"ddd":0,"ind":13,"ty":4,"nm":"bluec Outlines 3","sr":1,"ks":{"o":{"a":0,"k":100,"ix":11},"r":{"a":0,"k":0,"ix":10},"p":{"a":0,"k":[544.633,500.813,0],"ix":2},"a":{"a":0,"k":[262.75,262.75,0],"ix":1},"s":{"a":1,"k":[{"i":{"x":[0.667,0.667,0.667],"y":[1,1,1]},"o":{"x":[0.333,0.333,0.333],"y":[0,0,0]},"t":17,"s":[75,75,100]},{"i":{"x":[0.667,0.667,0.667],"y":[1,1,1]},"o":{"x":[0.333,0.333,0.333],"y":[0,0,0]},"t":29,"s":[80.25,80.25,100]},{"i":{"x":[0.667,0.667,0.667],"y":[1,1,1]},"o":{"x":[0.333,0.333,0.333],"y":[0,0,0]},"t":231,"s":[80.25,80.25,100]},{"t":253,"s":[0,0,100]}],"ix":6}},"ao":0,"shapes":[{"ty":"gr","it":[{"ind":0,"ty":"sh","ix":1,"ks":{"a":0,"k":{"i":[[0,-125.783],[125.783,0],[0,125.783],[-125.783,0]],"o":[[0,125.783],[-125.783,0],[0,-125.783],[125.783,0]],"v":[[227.75,0],[0,227.75],[-227.75,0],[0,-227.75]],"c":true},"ix":2},"nm":"Path 1","mn":"ADBE Vector Shape - Group","hd":false},{"ty":"st","c":{"a":0,"k":[0.592999985639,0.833999992819,0.786999990426,1],"ix":3},"o":{"a":0,"k":100,"ix":4},"w":{"a":0,"k":20,"ix":5},"lc":2,"lj":1,"ml":10,"bm":0,"nm":"Stroke 1","mn":"ADBE Vector Graphic - Stroke","hd":false},{"ty":"tr","p":{"a":0,"k":[262.75,262.75],"ix":2},"a":{"a":0,"k":[0,0],"ix":1},"s":{"a":0,"k":[100,100],"ix":3},"r":{"a":0,"k":0,"ix":6},"o":{"a":0,"k":100,"ix":7},"sk":{"a":0,"k":0,"ix":4},"sa":{"a":0,"k":0,"ix":5},"nm":"Transform"}],"nm":"Group 1","np":2,"cix":2,"bm":0,"ix":1,"mn":"ADBE Vector Group","hd":false},{"ty":"tm","s":{"a":0,"k":0,"ix":1},"e":{"a":1,"k":[{"i":{"x":[0.667],"y":[1]},"o":{"x":[0.333],"y":[0]},"t":-1,"s":[0]},{"t":27,"s":[100]}],"ix":2},"o":{"a":0,"k":-90,"ix":3},"m":1,"ix":2,"nm":"Trim Paths 1","mn":"ADBE Vector Filter - Trim","hd":false}],"ip":0,"op":411,"st":-189,"bm":0},{"ddd":0,"ind":14,"ty":4,"nm":"yellowc Outlines 3","sr":1,"ks":{"o":{"a":0,"k":100,"ix":11},"r":{"a":0,"k":0,"ix":10},"p":{"a":0,"k":[544.633,500.813,0],"ix":2},"a":{"a":0,"k":[303.75,303.75,0],"ix":1},"s":{"a":1,"k":[{"i":{"x":[0.833,0.833,0.833],"y":[0.833,0.833,0.833]},"o":{"x":[0.167,0.167,0.167],"y":[0.167,0.167,0.167]},"t":17,"s":[75,75,100]},{"t":29,"s":[68.25,68.25,100]}],"ix":6}},"ao":0,"shapes":[{"ty":"gr","it":[{"ind":0,"ty":"sh","ix":1,"ks":{"a":0,"k":{"i":[[0,-148.427],[148.427,0],[0,148.427],[-148.427,0]],"o":[[0,148.427],[-148.427,0],[0,-148.427],[148.427,0]],"v":[[268.75,0],[0,268.75],[-268.75,0],[0,-268.75]],"c":true},"ix":2},"nm":"Path 1","mn":"ADBE Vector Shape - Group","hd":false},{"ty":"st","c":{"a":0,"k":[0.457518214805,0.015993847566,0.509803921569,1],"ix":3},"o":{"a":0,"k":100,"ix":4},"w":{"a":0,"k":20,"ix":5},"lc":2,"lj":1,"ml":10,"bm":0,"nm":"Stroke 1","mn":"ADBE Vector Graphic - Stroke","hd":false},{"ty":"tr","p":{"a":0,"k":[303.75,303.75],"ix":2},"a":{"a":0,"k":[0,0],"ix":1},"s":{"a":0,"k":[100,100],"ix":3},"r":{"a":0,"k":0,"ix":6},"o":{"a":0,"k":100,"ix":7},"sk":{"a":0,"k":0,"ix":4},"sa":{"a":0,"k":0,"ix":5},"nm":"Transform"}],"nm":"Group 1","np":2,"cix":2,"bm":0,"ix":1,"mn":"ADBE Vector Group","hd":false},{"ty":"tm","s":{"a":0,"k":0,"ix":1},"e":{"a":1,"k":[{"i":{"x":[0.667],"y":[1]},"o":{"x":[0.333],"y":[0]},"t":-1,"s":[0]},{"t":27,"s":[100]}],"ix":2},"o":{"a":0,"k":-90,"ix":3},"m":1,"ix":2,"nm":"Trim Paths 1","mn":"ADBE Vector Filter - Trim","hd":false}],"ip":0,"op":225,"st":-189,"bm":0},{"ddd":0,"ind":15,"ty":4,"nm":"yellowc Outlines","sr":1,"ks":{"o":{"a":1,"k":[{"i":{"x":[0.833],"y":[0.833]},"o":{"x":[0.167],"y":[0.167]},"t":-27,"s":[100]},{"t":-7,"s":[0]}],"ix":11},"r":{"a":0,"k":0,"ix":10},"p":{"a":0,"k":[544.633,500.813,0],"ix":2},"a":{"a":0,"k":[303.75,303.75,0],"ix":1},"s":{"a":1,"k":[{"i":{"x":[0.667,0.667,0.667],"y":[1,1,1]},"o":{"x":[0.333,0.333,0.333],"y":[0,0,0]},"t":-27,"s":[75,75,100]},{"t":-7,"s":[87.75,87.75,100]}],"ix":6}},"ao":0,"shapes":[{"ty":"gr","it":[{"ind":0,"ty":"sh","ix":1,"ks":{"a":0,"k":{"i":[[0,-148.427],[148.427,0],[0,148.427],[-148.427,0]],"o":[[0,148.427],[-148.427,0],[0,-148.427],[148.427,0]],"v":[[268.75,0],[0,268.75],[-268.75,0],[0,-268.75]],"c":true},"ix":2},"nm":"Path 1","mn":"ADBE Vector Shape - Group","hd":false},{"ty":"st","c":{"a":0,"k":[1,0.681999954523,0,1],"ix":3},"o":{"a":0,"k":100,"ix":4},"w":{"a":0,"k":20,"ix":5},"lc":2,"lj":1,"ml":10,"bm":0,"nm":"Stroke 1","mn":"ADBE Vector Graphic - Stroke","hd":false},{"ty":"tr","p":{"a":0,"k":[303.75,303.75],"ix":2},"a":{"a":0,"k":[0,0],"ix":1},"s":{"a":0,"k":[100,100],"ix":3},"r":{"a":0,"k":0,"ix":6},"o":{"a":0,"k":100,"ix":7},"sk":{"a":0,"k":0,"ix":4},"sa":{"a":0,"k":0,"ix":5},"nm":"Transform"}],"nm":"Group 1","np":2,"cix":2,"bm":0,"ix":1,"mn":"ADBE Vector Group","hd":false},{"ty":"tm","s":{"a":0,"k":0,"ix":1},"e":{"a":1,"k":[{"i":{"x":[0.667],"y":[1]},"o":{"x":[0.333],"y":[0]},"t":-105,"s":[65]},{"i":{"x":[0.667],"y":[1]},"o":{"x":[0.333],"y":[0]},"t":-85,"s":[61]},{"t":-65,"s":[98.5]}],"ix":2},"o":{"a":1,"k":[{"i":{"x":[0.9],"y":[1]},"o":{"x":[0],"y":[0]},"t":-67,"s":[-76]},{"t":-31,"s":[-19]}],"ix":3},"m":1,"ix":2,"nm":"Trim Paths 1","mn":"ADBE Vector Filter - Trim","hd":false}],"ip":0,"op":411,"st":-189,"bm":0},{"ddd":0,"ind":16,"ty":4,"nm":"bluec Outlines","sr":1,"ks":{"o":{"a":1,"k":[{"i":{"x":[0.833],"y":[0.833]},"o":{"x":[0.167],"y":[0.167]},"t":-27,"s":[100]},{"t":-7,"s":[0]}],"ix":11},"r":{"a":0,"k":0,"ix":10},"p":{"a":0,"k":[544.633,500.813,0],"ix":2},"a":{"a":0,"k":[262.75,262.75,0],"ix":1},"s":{"a":1,"k":[{"i":{"x":[0.667,0.667,0.667],"y":[1,1,1]},"o":{"x":[0.333,0.333,0.333],"y":[0,0,0]},"t":-21,"s":[75,75,100]},{"t":-7,"s":[87.75,87.75,100]}],"ix":6}},"ao":0,"shapes":[{"ty":"gr","it":[{"ind":0,"ty":"sh","ix":1,"ks":{"a":0,"k":{"i":[[0,-125.783],[125.783,0],[0,125.783],[-125.783,0]],"o":[[0,125.783],[-125.783,0],[0,-125.783],[125.783,0]],"v":[[227.75,0],[0,227.75],[-227.75,0],[0,-227.75]],"c":true},"ix":2},"nm":"Path 1","mn":"ADBE Vector Shape - Group","hd":false},{"ty":"st","c":{"a":0,"k":[0.340999977261,0.493999974868,0.987999949736,1],"ix":3},"o":{"a":0,"k":100,"ix":4},"w":{"a":0,"k":20,"ix":5},"lc":2,"lj":1,"ml":10,"bm":0,"nm":"Stroke 1","mn":"ADBE Vector Graphic - Stroke","hd":false},{"ty":"tr","p":{"a":0,"k":[262.75,262.75],"ix":2},"a":{"a":0,"k":[0,0],"ix":1},"s":{"a":0,"k":[100,100],"ix":3},"r":{"a":0,"k":0,"ix":6},"o":{"a":0,"k":100,"ix":7},"sk":{"a":0,"k":0,"ix":4},"sa":{"a":0,"k":0,"ix":5},"nm":"Transform"}],"nm":"Group 1","np":2,"cix":2,"bm":0,"ix":1,"mn":"ADBE Vector Group","hd":false},{"ty":"tm","s":{"a":0,"k":0,"ix":1},"e":{"a":1,"k":[{"i":{"x":[0.667],"y":[1]},"o":{"x":[0.333],"y":[0]},"t":-105,"s":[81]},{"i":{"x":[0.667],"y":[1]},"o":{"x":[0.333],"y":[0]},"t":-85,"s":[73]},{"t":-77,"s":[98.5]}],"ix":2},"o":{"a":1,"k":[{"i":{"x":[0.9],"y":[1]},"o":{"x":[0],"y":[0]},"t":-79,"s":[-77]},{"t":-39,"s":[11]}],"ix":3},"m":1,"ix":2,"nm":"Trim Paths 1","mn":"ADBE Vector Filter - Trim","hd":false}],"ip":0,"op":411,"st":-189,"bm":0},{"ddd":0,"ind":19,"ty":2,"nm":"Layer 1","refId":"image_0","sr":1,"ks":{"o":{"a":0,"k":100,"ix":11},"r":{"a":0,"k":0,"ix":10},"p":{"a":0,"k":[135,945,0],"ix":2},"a":{"a":0,"k":[0,0,0],"ix":1},"s":{"a":0,"k":[75,75,100],"ix":6}},"ao":0,"ip":0,"op":411,"st":-189,"bm":0}],"markers":[],"chars":[{"ch":"3","size":160,"style":"Bold","w":55.62,"data":{"shapes":[{"ty":"gr","it":[{"ind":0,"ty":"sh","ix":1,"ks":{"a":0,"k":{"i":[[-4.265,-3.727],[-6.478,0],[-4.59,4.427],[0,6.283],[2.457,3.06],[4.102,0.879],[0,6.283],[3.352,3.516],[6.738,0],[3.174,-1.481],[1.774,-2.588],[0.879,-4.329],[0,0],[-1.66,1.628],[-2.344,0],[-1.433,-1.432],[0,-2.409],[1.953,-1.709],[3.711,0.098],[0,0],[-1.758,0],[-1.855,-2.018],[0,-3.45],[1.936,-2.148],[2.832,0],[1.855,1.791],[0.423,3.386],[0,0]],"o":[[4.264,3.728],[6.836,0],[4.59,-4.427],[0,-4.329],[-2.458,-3.059],[6.868,-3.743],[0,-4.427],[-4.07,-4.297],[-3.939,0],[-3.174,1.482],[-1.775,2.588],[0,0],[0.358,-3.125],[1.66,-1.627],[2.376,0],[1.432,1.433],[0,2.832],[-1.953,1.709],[0,0],[2.441,-0.684],[2.669,0],[1.855,2.019],[0,3.646],[-1.937,2.148],[-2.637,0],[-1.855,-1.79],[0,0],[0.684,6.023]],"v":[[11.182,-4.37],[27.295,1.221],[44.434,-5.42],[51.318,-21.484],[47.632,-32.568],[37.793,-38.477],[48.096,-53.516],[43.066,-65.43],[26.855,-71.875],[16.187,-69.653],[8.765,-63.55],[4.785,-53.174],[17.432,-51.025],[20.459,-58.154],[26.465,-60.596],[32.178,-58.447],[34.326,-52.686],[31.396,-45.874],[22.9,-43.457],[21.387,-32.275],[27.686,-33.301],[34.473,-30.273],[37.256,-22.07],[34.351,-13.379],[27.197,-10.156],[20.459,-12.842],[17.041,-20.605],[3.76,-18.994]],"c":true},"ix":2},"nm":"3","mn":"ADBE Vector Shape - Group","hd":false}],"nm":"3","np":3,"cix":2,"bm":0,"ix":1,"mn":"ADBE Vector Group","hd":false}]},"fFamily":"Arial"},{"ch":"7","size":160,"style":"Bold","w":55.62,"data":{"shapes":[{"ty":"gr","it":[{"ind":0,"ty":"sh","ix":1,"ks":{"a":0,"k":{"i":[[0,0],[3.857,-10.286],[0.227,-9.895],[0,0],[-2.1,8.025],[-4.004,7.129],[-3.874,3.809],[0,0],[0,0],[0,0]],"o":[[-6.445,8.105],[-3.857,10.287],[0,0],[-0.033,-6.315],[2.1,-8.024],[4.004,-7.129],[0,0],[0,0],[0,0],[0,0]],"v":[[35.449,-57.861],[19.995,-30.273],[13.867,0],[27.1,0],[30.2,-21.509],[39.355,-44.238],[51.172,-60.645],[51.172,-70.605],[4.248,-70.605],[4.248,-57.861]],"c":true},"ix":2},"nm":"7","mn":"ADBE Vector Shape - Group","hd":false}],"nm":"7","np":3,"cix":2,"bm":0,"ix":1,"mn":"ADBE Vector Group","hd":false}]},"fFamily":"Arial"},{"ch":"1","size":86,"style":"Bold","w":50.1,"data":{"shapes":[{"ty":"gr","it":[{"ind":0,"ty":"sh","ix":1,"ks":{"a":0,"k":{"i":[[0,0],[0,0],[4.199,-3.271],[3.58,-1.172],[0,0],[-5.013,4.688],[0,0],[0,0]],"o":[[0,0],[-1.563,4.362],[-4.199,3.271],[0,0],[6.803,-2.246],[0,0],[0,0],[0,0]],"v":[[39.355,-71.875],[28.223,-71.875],[19.58,-60.425],[7.91,-53.76],[7.91,-41.309],[25.635,-51.709],[25.635,0],[39.355,0]],"c":true},"ix":2},"nm":"1","mn":"ADBE Vector Shape - Group","hd":false}],"nm":"1","np":3,"cix":2,"bm":0,"ix":1,"mn":"ADBE Vector Group","hd":false}]},"fFamily":"Arial"},{"ch":"2","size":86,"style":"Bold","w":55.62,"data":{"shapes":[{"ty":"gr","it":[{"ind":0,"ty":"sh","ix":1,"ks":{"a":0,"k":{"i":[[0,0],[-1.156,1.302],[-4.33,3.972],[-1.66,2.116],[-1.156,2.914],[0,3.223],[4.036,3.809],[7.063,0],[4.297,-3.288],[0.813,-7.552],[0,0],[-1.693,1.726],[-2.865,0],[-1.644,-1.643],[0,-3.059],[1.888,-2.832],[6.184,-5.762],[2.604,-4.313],[0.52,-4.817],[0,0],[0,0]],"o":[[0.716,-1.237],[1.155,-1.302],[4.329,-3.971],[2.506,-3.19],[1.155,-2.913],[0,-5.664],[-4.037,-3.809],[-6.445,0],[-4.297,3.288],[0,0],[0.26,-4.004],[1.692,-1.725],[2.897,0],[1.643,1.644],[0,2.767],[-1.4,2.051],[-7.683,7.129],[-2.605,4.314],[0,0],[0,0],[0,0]],"v":[[23.34,-12.744],[26.147,-16.553],[34.375,-24.463],[43.359,-33.594],[48.853,-42.749],[50.586,-51.953],[44.531,-66.162],[27.881,-71.875],[11.768,-66.943],[4.102,-50.684],[17.773,-49.316],[20.703,-57.91],[27.539,-60.498],[34.351,-58.032],[36.816,-50.977],[33.984,-42.578],[22.607,-30.859],[7.178,-13.696],[2.49,0],[50.586,0],[50.586,-12.744]],"c":true},"ix":2},"nm":"2","mn":"ADBE Vector Shape - Group","hd":false}],"nm":"2","np":3,"cix":2,"bm":0,"ix":1,"mn":"ADBE Vector Group","hd":false}]},"fFamily":"Arial"},{"ch":"0","size":86,"style":"Bold","w":55.62,"data":{"shapes":[{"ty":"gr","it":[{"ind":0,"ty":"sh","ix":1,"ks":{"a":0,"k":{"i":[[3.873,-4.883],[0,-13.477],[-4.265,-5.354],[-6.966,0],[-3.874,4.883],[0,13.542],[4.655,5.859],[6.934,0]],"o":[[-4.688,5.925],[0,13.737],[4.264,5.355],[6.934,0],[4.688,-5.924],[0,-13.574],[-3.906,-4.948],[-6.934,0]],"v":[[11.23,-64.551],[4.199,-35.449],[10.596,-6.812],[27.441,1.221],[43.652,-6.104],[50.684,-35.303],[43.701,-64.453],[27.441,-71.875]],"c":true},"ix":2},"nm":"0","mn":"ADBE Vector Shape - Group","hd":false},{"ind":1,"ty":"sh","ix":2,"ks":{"a":0,"k":{"i":[[-1.286,-1.057],[-0.847,-3.141],[0,-8.398],[0.944,-3.516],[1.302,-1.057],[1.66,0],[1.286,1.042],[0.846,3.142],[0,8.398],[-0.945,3.548],[-1.302,1.058],[-1.66,0]],"o":[[1.286,1.058],[0.846,3.142],[0,8.398],[-0.716,2.734],[-1.302,1.058],[-1.66,0],[-1.286,-1.041],[-0.847,-3.141],[0,-8.398],[0.716,-2.734],[1.302,-1.057],[1.66,0]],"v":[[31.86,-58.911],[35.059,-52.612],[36.328,-35.303],[34.912,-17.432],[31.885,-11.743],[27.441,-10.156],[23.022,-11.719],[19.824,-17.993],[18.555,-35.303],[19.971,-53.223],[22.998,-58.911],[27.441,-60.498]],"c":true},"ix":2},"nm":"0","mn":"ADBE Vector Shape - Group","hd":false}],"nm":"0","np":5,"cix":2,"bm":0,"ix":1,"mn":"ADBE Vector Group","hd":false}]},"fFamily":"Arial"},{"ch":"P","size":34,"style":"Bold","w":66.7,"data":{"shapes":[{"ty":"gr","it":[{"ind":0,"ty":"sh","ix":1,"ks":{"a":0,"k":{"i":[[0,0],[0,0],[0,0],[-3.451,0.684],[-2.458,1.709],[-1.595,2.995],[0,4.395],[2.766,3.597],[4.102,1.074],[8.789,0],[0,0],[0,0]],"o":[[0,0],[0,0],[6.543,0],[2.539,-0.553],[2.457,-1.709],[1.595,-2.995],[0,-5.696],[-2.767,-3.596],[-2.67,-0.716],[0,0],[0,0],[0,0]],"v":[[21.729,0],[21.729,-27.002],[31.152,-27.002],[46.143,-28.027],[53.638,-31.421],[59.717,-38.477],[62.109,-49.561],[57.959,-63.501],[47.656,-70.508],[30.469,-71.582],[7.275,-71.582],[7.275,0]],"c":true},"ix":2},"nm":"P","mn":"ADBE Vector Shape - Group","hd":false},{"ind":1,"ty":"sh","ix":2,"ks":{"a":0,"k":{"i":[[0,0],[-1.726,-0.325],[-1.53,-1.692],[0,-2.604],[1.09,-1.595],[1.92,-0.748],[5.696,0],[0,0],[0,0]],"o":[[5.208,0],[2.344,0.423],[1.53,1.693],[0,2.116],[-1.091,1.595],[-1.921,0.749],[0,0],[0,0],[0,0]],"v":[[28.711,-59.473],[39.111,-58.984],[44.922,-55.811],[47.217,-49.365],[45.581,-43.799],[41.064,-40.283],[29.639,-39.16],[21.729,-39.16],[21.729,-59.473]],"c":true},"ix":2},"nm":"P","mn":"ADBE Vector Shape - Group","hd":false}],"nm":"P","np":5,"cix":2,"bm":0,"ix":1,"mn":"ADBE Vector Group","hd":false}]},"fFamily":"Arial"},{"ch":"o","size":34,"style":"Bold","w":61.08,"data":{"shapes":[{"ty":"gr","it":[{"ind":0,"ty":"sh","ix":1,"ks":{"a":0,"k":{"i":[[-2.246,-4.15],[-4.314,-2.148],[-4.753,0],[-5.062,5.16],[0,7.845],[5.013,5.095],[7.845,0],[4.118,-2.246],[2.246,-4.264],[0,-4.557]],"o":[[2.246,4.15],[4.313,2.148],[7.682,0],[5.061,-5.159],[0,-7.78],[-5.013,-5.094],[-5.078,0],[-4.118,2.246],[-2.246,4.265],[0,5.957]],"v":[[7.373,-11.499],[17.212,-2.051],[30.811,1.172],[49.927,-6.567],[57.52,-26.074],[50,-45.386],[30.713,-53.027],[16.919,-49.658],[7.373,-39.893],[4.004,-26.66]],"c":true},"ix":2},"nm":"o","mn":"ADBE Vector Shape - Group","hd":false},{"ind":1,"ty":"sh","ix":2,"ks":{"a":0,"k":{"i":[[-2.441,2.734],[-3.581,0],[-2.425,-2.734],[0,-5.078],[2.425,-2.734],[3.58,0],[2.441,2.734],[0,5.144]],"o":[[2.441,-2.734],[3.58,0],[2.425,2.734],[0,5.209],[-2.425,2.734],[-3.581,0],[-2.441,-2.734],[0,-5.143]],"v":[[21.729,-37.744],[30.762,-41.846],[39.771,-37.744],[43.408,-26.025],[39.771,-14.111],[30.762,-10.01],[21.729,-14.111],[18.066,-25.928]],"c":true},"ix":2},"nm":"o","mn":"ADBE Vector Shape - Group","hd":false}],"nm":"o","np":5,"cix":2,"bm":0,"ix":1,"mn":"ADBE Vector Group","hd":false}]},"fFamily":"Arial"},{"ch":"i","size":34,"style":"Bold","w":27.78,"data":{"shapes":[{"ty":"gr","it":[{"ind":0,"ty":"sh","ix":1,"ks":{"a":0,"k":{"i":[[0,0],[0,0],[0,0],[0,0]],"o":[[0,0],[0,0],[0,0],[0,0]],"v":[[20.898,-58.887],[20.898,-71.582],[7.178,-71.582],[7.178,-58.887]],"c":true},"ix":2},"nm":"i","mn":"ADBE Vector Shape - Group","hd":false},{"ind":1,"ty":"sh","ix":2,"ks":{"a":0,"k":{"i":[[0,0],[0,0],[0,0],[0,0]],"o":[[0,0],[0,0],[0,0],[0,0]],"v":[[20.898,0],[20.898,-51.855],[7.178,-51.855],[7.178,0]],"c":true},"ix":2},"nm":"i","mn":"ADBE Vector Shape - Group","hd":false}],"nm":"i","np":5,"cix":2,"bm":0,"ix":1,"mn":"ADBE Vector Group","hd":false}]},"fFamily":"Arial"},{"ch":"n","size":34,"style":"Bold","w":61.08,"data":{"shapes":[{"ty":"gr","it":[{"ind":0,"ty":"sh","ix":1,"ks":{"a":0,"k":{"i":[[0,0],[0.504,2.148],[1.286,1.693],[2.506,1.091],[3.027,0],[4.524,-5.859],[0,0],[0,0],[0,0],[0,0],[0,0],[-0.7,2.148],[-1.888,1.302],[-2.377,0],[-1.318,-0.911],[-0.586,-1.643],[0,-5.598],[0,0],[0,0]],"o":[[0,-4.004],[-0.505,-2.148],[-1.286,-1.692],[-2.507,-1.09],[-6.869,0],[0,0],[0,0],[0,0],[0,0],[0,0],[0,-5.794],[0.7,-2.148],[1.888,-1.302],[1.855,0],[1.318,0.912],[0.586,1.644],[0,0],[0,0],[0,0]],"v":[[54.346,-32.227],[53.589,-41.455],[50.903,-47.217],[45.215,-51.392],[36.914,-53.027],[19.824,-44.238],[19.824,-51.855],[7.08,-51.855],[7.08,0],[20.801,0],[20.801,-23.486],[21.851,-35.4],[25.732,-40.576],[32.129,-42.529],[36.89,-41.162],[39.746,-37.329],[40.625,-26.465],[40.625,0],[54.346,0]],"c":true},"ix":2},"nm":"n","mn":"ADBE Vector Shape - Group","hd":false}],"nm":"n","np":3,"cix":2,"bm":0,"ix":1,"mn":"ADBE Vector Group","hd":false}]},"fFamily":"Arial"},{"ch":"t","size":34,"style":"Bold","w":33.3,"data":{"shapes":[{"ty":"gr","it":[{"ind":0,"ty":"sh","ix":1,"ks":{"a":0,"k":{"i":[[0,0],[0,0],[0,0],[0,0],[0,0],[0,0],[0,0],[0,0],[-0.293,-1.595],[-0.928,-1.318],[-1.986,-0.83],[-2.474,0],[-3.191,1.367],[0,0],[1.27,0],[0.635,0.456],[0.179,0.7],[0,4.232],[0,0],[0,0],[0,0]],"o":[[0,0],[0,0],[0,0],[0,0],[0,0],[0,0],[0,0],[0,4.851],[0.358,2.246],[0.928,1.318],[1.985,0.83],[4.036,0],[0,0],[-2.409,0.879],[-0.912,0],[-0.635,-0.455],[-0.179,-0.7],[0,0],[0,0],[0,0],[0,0]],"v":[[21.582,-51.855],[21.582,-70.166],[7.813,-62.158],[7.813,-51.855],[1.514,-51.855],[1.514,-40.918],[7.813,-40.918],[7.813,-18.311],[8.252,-8.643],[10.181,-3.296],[14.551,-0.073],[21.24,1.172],[32.08,-0.879],[30.908,-11.523],[25.391,-10.205],[23.071,-10.889],[21.851,-12.622],[21.582,-20.02],[21.582,-40.918],[30.957,-40.918],[30.957,-51.855]],"c":true},"ix":2},"nm":"t","mn":"ADBE Vector Shape - Group","hd":false}],"nm":"t","np":3,"cix":2,"bm":0,"ix":1,"mn":"ADBE Vector Group","hd":false}]},"fFamily":"Arial"},{"ch":"s","size":34,"style":"Bold","w":55.62,"data":{"shapes":[{"ty":"gr","it":[{"ind":0,"ty":"sh","ix":1,"ks":{"a":0,"k":{"i":[[-4.118,-2.864],[-7.064,0],[-3.972,3.418],[0,4.753],[2.864,2.441],[7.307,1.66],[1.237,0.912],[0,0.977],[-1.042,0.716],[-3.613,0],[-1.546,-1.074],[-0.554,-2.018],[0,0],[3.45,2.312],[7.096,0],[3.548,-3.059],[0,-4.492],[-4.102,-2.799],[-11.068,-2.441],[-0.684,-0.651],[0,-1.041],[1.204,-0.911],[3.548,0],[1.79,1.384],[0.586,2.67],[0,0]],"o":[[4.118,2.865],[7.78,0],[3.971,-3.418],[0,-4.362],[-2.898,-2.409],[-7.308,-1.66],[-0.912,-0.684],[0,-1.139],[1.563,-1.009],[2.864,0],[1.546,1.074],[0,0],[-1.302,-4.524],[-3.451,-2.311],[-7.455,0],[-3.548,3.06],[0,4.98],[2.962,2.019],[2.376,0.554],[0.651,0.684],[0,1.53],[-1.791,1.302],[-3.223,0],[-1.791,-1.383],[0,0],[1.27,4.916]],"v":[[10.425,-3.125],[27.197,1.172],[44.824,-3.955],[50.781,-16.211],[46.484,-26.416],[31.177,-32.52],[18.359,-36.377],[16.992,-38.867],[18.555,-41.65],[26.318,-43.164],[32.935,-41.553],[36.084,-36.914],[49.023,-39.307],[41.895,-49.561],[26.074,-53.027],[9.57,-48.438],[4.248,-37.109],[10.4,-25.439],[31.445,-18.75],[36.035,-16.943],[37.012,-14.355],[35.205,-10.693],[27.197,-8.74],[19.678,-10.815],[16.113,-16.895],[2.344,-14.795]],"c":true},"ix":2},"nm":"s","mn":"ADBE Vector Shape - Group","hd":false}],"nm":"s","np":3,"cix":2,"bm":0,"ix":1,"mn":"ADBE Vector Group","hd":false}]},"fFamily":"Arial"},{"ch":"S","size":34,"style":"Bold","w":66.7,"data":{"shapes":[{"ty":"gr","it":[{"ind":0,"ty":"sh","ix":1,"ks":{"a":0,"k":{"i":[[-4.851,-4.182],[-9.05,0],[-4.167,1.741],[-2.279,3.581],[0,4.102],[1.904,3.076],[3.369,1.775],[7.031,1.66],[1.823,1.53],[0,1.693],[-1.53,1.107],[-4.199,0],[-2.035,-1.611],[-0.619,-3.678],[0,0],[4.541,3.939],[8.984,0],[3.889,-1.66],[2.067,-3.174],[0,-3.645],[-4.395,-3.938],[-7.748,-1.92],[-1.693,-0.586],[-0.993,-1.188],[0,-1.692],[2.36,-1.969],[4.655,0],[2.588,2.214],[0.846,4.72],[0,0]],"o":[[4.85,4.183],[6.217,0],[4.166,-1.741],[2.278,-3.58],[0,-4.524],[-1.904,-3.076],[-3.369,-1.774],[-7.031,-1.66],[-1.433,-1.204],[0,-1.855],[2.376,-1.725],[4.069,0],[2.034,1.611],[0,0],[-0.228,-6.575],[-4.541,-3.938],[-5.502,0],[-3.89,1.66],[-2.068,3.174],[0,5.664],[3.125,2.8],[6.022,1.498],[2.473,0.879],[0.993,1.189],[0,2.637],[-2.361,1.97],[-4.395,0],[-2.588,-2.213],[0,0],[0.944,8.008]],"v":[[12.305,-5.005],[33.154,1.27],[48.73,-1.343],[58.398,-9.326],[61.816,-20.85],[58.96,-32.251],[51.05,-39.526],[35.449,-44.678],[22.168,-49.463],[20.02,-53.809],[22.314,-58.252],[32.178,-60.84],[41.333,-58.423],[45.313,-50.488],[59.766,-51.123],[52.612,-66.895],[32.324,-72.803],[18.237,-70.313],[9.302,-63.062],[6.201,-52.832],[12.793,-38.428],[29.102,-31.348],[40.674,-28.223],[45.874,-25.122],[47.363,-20.801],[43.823,-13.892],[33.301,-10.938],[22.827,-14.258],[17.676,-24.658],[3.613,-23.291]],"c":true},"ix":2},"nm":"S","mn":"ADBE Vector Shape - Group","hd":false}],"nm":"S","np":3,"cix":2,"bm":0,"ix":1,"mn":"ADBE Vector Group","hd":false}]},"fFamily":"Arial"},{"ch":"e","size":34,"style":"Bold","w":55.62,"data":{"shapes":[{"ty":"gr","it":[{"ind":0,"ty":"sh","ix":1,"ks":{"a":0,"k":{"i":[[1.465,-1.172],[2.148,0],[2.116,2.263],[0.098,4.07],[0,0],[4.459,5.095],[7.715,0],[4.492,-4.866],[0,-8.594],[-3.418,-4.72],[-9.017,0],[-3.793,2.621],[-1.758,5.013],[0,0]],"o":[[-1.465,1.172],[-3.158,0],[-2.116,-2.262],[0,0],[0.195,-10.514],[-4.46,-5.094],[-6.869,0],[-4.492,4.867],[0,7.195],[4.329,5.892],[5.696,0],[3.792,-2.62],[0,0],[-0.749,2.605]],"v":[[33.887,-10.84],[28.467,-9.082],[20.557,-12.476],[17.236,-21.973],[51.611,-21.973],[45.215,-45.386],[26.953,-53.027],[9.912,-45.728],[3.174,-25.537],[8.301,-7.666],[28.32,1.172],[42.554,-2.759],[50.879,-14.209],[37.207,-16.504]],"c":true},"ix":2},"nm":"e","mn":"ADBE Vector Shape - Group","hd":false},{"ind":1,"ty":"sh","ix":2,"ks":{"a":0,"k":{"i":[[0,0],[-1.953,2.181],[-2.995,0],[-1.953,-2.067],[-0.098,-3.971]],"o":[[-0.033,-3.743],[1.953,-2.18],[2.799,0],[1.953,2.068],[0,0]],"v":[[17.48,-30.371],[20.361,-39.258],[27.783,-42.529],[34.912,-39.429],[37.988,-30.371]],"c":true},"ix":2},"nm":"e","mn":"ADBE Vector Shape - Group","hd":false}],"nm":"e","np":5,"cix":2,"bm":0,"ix":1,"mn":"ADBE Vector Group","hd":false}]},"fFamily":"Arial"},{"ch":"p","size":34,"style":"Bold","w":61.08,"data":{"shapes":[{"ty":"gr","it":[{"ind":0,"ty":"sh","ix":1,"ks":{"a":0,"k":{"i":[[0,0],[0,0],[0,0],[-2.328,-1.139],[-2.865,0],[-4.232,4.802],[0,8.659],[4.199,4.72],[6.022,0],[2.832,-1.627],[1.66,-2.604],[0,0],[0,0]],"o":[[0,0],[0,0],[2.571,2.767],[2.327,1.139],[6.022,0],[4.231,-4.801],[0,-8.43],[-4.199,-4.72],[-3.451,0],[-2.832,1.628],[0,0],[0,0],[0,0]],"v":[[6.787,19.727],[20.508,19.727],[20.508,-6.396],[27.856,-0.537],[35.645,1.172],[51.025,-6.03],[57.373,-26.221],[51.074,-45.947],[35.742,-53.027],[26.318,-50.586],[19.58,-44.238],[19.58,-51.855],[6.787,-51.855]],"c":true},"ix":2},"nm":"p","mn":"ADBE Vector Shape - Group","hd":false},{"ind":1,"ty":"sh","ix":2,"ks":{"a":0,"k":{"i":[[-2.214,2.588],[-3.353,0],[-2.181,-2.637],[0,-5.436],[2.116,-2.555],[3.19,0],[2.311,2.783],[0,5.827]],"o":[[2.213,-2.588],[3.223,0],[2.18,2.637],[0,5.827],[-2.116,2.556],[-3.32,0],[-2.312,-2.783],[0,-5.078]],"v":[[23.682,-38.306],[32.031,-42.188],[40.137,-38.232],[43.408,-26.123],[40.234,-13.55],[32.275,-9.717],[23.828,-13.892],[20.361,-26.807]],"c":true},"ix":2},"nm":"p","mn":"ADBE Vector Shape - Group","hd":false}],"nm":"p","np":5,"cix":2,"bm":0,"ix":1,"mn":"ADBE Vector Group","hd":false}]},"fFamily":"Arial"}]}